<?xml version="1.0" encoding="UTF-8"?>
<project xmlns="http://www.netbeans.org/ns/project/1">
    <type>org.netbeans.modules.ant.freeform</type>
    <configuration>
        <general-data xmlns="http://www.netbeans.org/ns/freeform-project/1">
            <name>EbayServer</name>
            <properties>
                <property-file>user.build.properties</property-file>
                <property-file>build.properties</property-file>
                <property name="nbjdk.bootclasspath">${nbjdk.home}/jre/lib/rt.jar</property>
            </properties>
            <folders>
                <source-folder>
                    <label>JDK Demo</label>
                    <location>${main.dir}</location>
                </source-folder>
                <source-folder>
                    <label>Sources</label>
                    <type>java</type>
                    <location>${src.dir}</location>
                </source-folder>
                <source-folder>
                    <label>test</label>
                    <type>java</type>
                    <location>test</location>
                </source-folder>
            </folders>
            <ide-actions>
                <action name="build">
                    <target>jar</target>
                </action>
                <action name="clean">
                    <target>clean</target>
                </action>
                <action name="rebuild">
                    <target>clean</target>
                    <target>jar</target>
                </action>
                <action name="run">
                    <target>run</target>
                </action>
                <action name="ReadMe">
                    <script>nbproject/netbeans-targets.xml</script>
                    <target>show-info</target>
                </action>
                <action name="javadoc">
                    <script>nbproject/netbeans-targets.xml</script>
                    <target>show-javadoc</target>
                </action>
                <action name="debug">
                    <script>nbproject/netbeans-targets.xml</script>
                    <target>debug</target>
                </action>
                <action name="compile.single">
                    <script>nbproject/file-targets.xml</script>
                    <target>compile-selected</target>
                    <context>
                        <property>includes</property>
                        <folder>${src.dir}</folder>
                        <pattern>\.java$</pattern>
                        <format>relative-path</format>
                        <arity>
                            <separated-files>,</separated-files>
                        </arity>
                    </context>
                </action>
                <action name="run.single">
                    <target>run</target>
                    <context>
                        <property>main.class</property>
                        <folder>${src.dir}</folder>
                        <pattern>\.java$</pattern>
                        <format>java-name</format>
                        <arity>
                            <one-file-only/>
                        </arity>
                    </context>
                </action>
                <action name="debug.single">
                    <script>nbproject/netbeans-targets.xml</script>
                    <target>debug</target>
                    <context>
                        <property>main.class</property>
                        <folder>${src.dir}</folder>
                        <pattern>\.java$</pattern>
                        <format>java-name</format>
                        <arity>
                            <one-file-only/>
                        </arity>
                    </context>
                </action>
                <action name="debug.fix">
                    <script>nbproject/netbeans-targets.xml</script>
                    <target>debug-fix</target>
                    <context>
                        <property>class</property>
                        <folder>${src.dir}</folder>
                        <pattern>\.java$</pattern>
                        <format>relative-path-noext</format>
                        <arity>
                            <one-file-only/>
                        </arity>
                    </context>
                </action>
                <action name="test">
                    <target>test</target>
                </action>
            </ide-actions>
            <export>
                <type>folder</type>
                <location>${classes.dir}</location>
                <build-target>jar</build-target>
            </export>
            <export>
                <type>jar</type>
                <location>${jar}</location>
                <build-target>jar</build-target>
            </export>
            <export>
                <type>folder</type>
                <location>${build.test.classes.dir}</location>
                <build-target>jar</build-target>
            </export>
            <view>
                <items>
                    <source-folder style="packages">
                        <label>Sources</label>
                        <location>${src.dir}</location>
                    </source-folder>
                    <source-folder style="packages">
                        <label>test</label>
                        <location>test</location>
                    </source-folder>
                    <source-file>
                        <location>${main.dir}/index.html</location>
                    </source-file>
                </items>
                <context-menu>
                    <ide-action name="build"/>
                    <ide-action name="clean"/>
                    <ide-action name="rebuild"/>
                    <ide-action name="javadoc"/>
                    <ide-action name="debug"/>
                    <ide-action name="run"/>
                    <!-- ide-action name="test"/ -->
                </context-menu>
            </view>
            <subprojects/>
        </general-data>
        <java-data xmlns="http://www.netbeans.org/ns/freeform-project-java/2">
            <compilation-unit>
                <package-root>${src.dir}</package-root>
                <classpath mode="compile">${cp}</classpath>
                <classpath mode="execute">${run.cp}</classpath>
                <classpath mode="boot">${nbjdk.bootclasspath}</classpath>
                <built-to>${classes.dir}</built-to>
                <built-to>${jar}</built-to>
                <javadoc-built-to>${javadoc.dir}</javadoc-built-to>
                <source-level>1.5</source-level>
            </compilation-unit>
            <compilation-unit>
                <package-root>test</package-root>
                <unit-tests/>
                <built-to>${build.test.classes.dir}</built-to>
                <source-level>1.5</source-level>
            </compilation-unit>
        </java-data>
    </configuration>
</project>
