<?xml version="1.0" encoding="UTF-8"?>
<project basedir=".." name="EbayClient/NB">

    <import file="../build.xml"/>

    <target name="debug" depends="compile,-jdk-presetdef-nbjpdastart">
        <nbjpdastart addressproperty="jpda.address" name="EbayClient" transport="dt_socket">
            <classpath path="${run.cp}"/>
        </nbjpdastart>
        <java classname="${main.class}" failonerror="true" fork="true">
            <classpath path="${run.cp}"/>
            <jvmarg value="-Xdebug"/>
            <jvmarg value="-Xnoagent"/>
            <jvmarg value="-Djava.compiler=none"/>
            <jvmarg value="-Xrunjdwp:transport=dt_socket,address=${jpda.address}"/>
        </java>
    </target>
    
    <target name="debug-fix" depends="-init">
        <javac srcdir="${src.dir}" destdir="${classes.dir}" debug="true" deprecation="${deprecation}">
            <classpath path="${cp}"/>
            <include name="${class}.java"/>
        </javac>
        <nbjpdareload>
            <fileset dir="${classes.dir}">
                <include name="${class}.class"/>
            </fileset>
        </nbjpdareload>
    </target>
    
    <target name="show-info" depends="-init">
        <nbbrowse file="${main.dir}/index.html"/>
    </target>
    
    <target name="show-javadoc" depends="javadoc">
        <nbbrowse file="${javadoc.dir}/index.html"/>
    </target>
    
    <target name="profile" depends="compile">
        <nbprofiledirect>
            <classpath path="${run.cp}"/>
        </nbprofiledirect>
        <property environment="env"/>
        <java classname="${main.class}" fork="true" failonerror="true" dir="${profiler.session.working.dir}" jvm="${profiler.info.jvm}">
            <classpath path="${run.cp}"/>
            <jvmarg value="${profiler.info.jvmargs.agent}"/>
            <jvmarg line="${profiler.info.jvmargs}"/>
            <env key="LD_LIBRARY_PATH" path="${profiler.info.agentpath}:${env.LD_LIBRARY_PATH}"/>
            <env key="Path" path="${profiler.info.agentpath}:${env.Path}"/>
        </java>
    </target>

</project>
